email,userType,password,name,bio,phoneNumber
jbruin@ucla.edu,ADMIN,password,Joe Bruin,Joe Bruin's bio,123456789
aileen@ucla.edu,USER,password,Aileen,Aileen's bio,123456789
lucius@ucla.edu,USER,password,Lucius,Lucius's bio,123456789
lorelei@ucla.edu,USER,password,Lorelei,Lorelei's bio,123456789
angeles@ucla.edu,USER,password,Angeles,Angeles's bio,123456789
joette@ucla.edu,USER,password,Joette,Joette's bio,123456789
rhoda@ucla.edu,USER,password,Rhoda,Rhoda's bio,123456789
luz@ucla.edu,USER,password,Luz,Luz's bio,123456789
rosann@ucla.edu,USER,password,Rosann,Rosann's bio,123456789
thos@ucla.edu,USER,password,Thos,Thos's bio,123456789
katelin@ucla.edu,USER,password,Katelin,Katelin's bio,123456789
amare@ucla.edu,USER,password,Amare,Amare's bio,123456789
elyse@ucla.edu,USER,password,Elyse,Elyse's bio,123456789
kandace@ucla.edu,USER,password,Kandace,Kandace's bio,123456789
delta@ucla.edu,USER,password,Delta,Delta's bio,123456789
watt@ucla.edu,USER,password,Watt,Watt's bio,123456789
tatyana@ucla.edu,USER,password,Tatyana,Tatyana's bio,123456789
maymie@ucla.edu,USER,password,Maymie,Maymie's bio,123456789
nereida@ucla.edu,USER,password,Nereida,Nereida's bio,123456789
silvia@ucla.edu,USER,password,Silvia,Silvia's bio,123456789
schley@ucla.edu,USER,password,Schley,Schley's bio,123456789
geraldine@ucla.edu,USER,password,Geraldine,Geraldine's bio,123456789
tripp@ucla.edu,USER,password,Tripp,Tripp's bio,123456789
arley@ucla.edu,USER,password,Arley,Arley's bio,123456789
glendon@ucla.edu,USER,password,Glendon,Glendon's bio,123456789
lilyana@ucla.edu,USER,password,Lilyana,Lilyana's bio,123456789
petra@ucla.edu,USER,password,Petra,Petra's bio,123456789
harris@ucla.edu,USER,password,Harris,Harris's bio,123456789
glennie@ucla.edu,USER,password,Glennie,Glennie's bio,123456789
dorathea@ucla.edu,USER,password,Dorathea,Dorathea's bio,123456789
tremaine@ucla.edu,USER,password,Tremaine,Tremaine's bio,123456789
khalil@ucla.edu,USER,password,Khalil,Khalil's bio,123456789
janessa@ucla.edu,USER,password,Janessa,Janessa's bio,123456789
alissa@ucla.edu,USER,password,Alissa,Alissa's bio,123456789
christian@ucla.edu,USER,password,Christian,Christian's bio,123456789
burgess@ucla.edu,USER,password,Burgess,Burgess's bio,123456789
manuel@ucla.edu,USER,password,Manuel,Manuel's bio,123456789
nyasia@ucla.edu,USER,password,Nyasia,Nyasia's bio,123456789
cierra@ucla.edu,USER,password,Cierra,Cierra's bio,123456789
madelene@ucla.edu,USER,password,Madelene,Madelene's bio,123456789
dixon@ucla.edu,USER,password,Dixon,Dixon's bio,123456789
ivey@ucla.edu,USER,password,Ivey,Ivey's bio,123456789
elvis@ucla.edu,USER,password,Elvis,Elvis's bio,123456789
toshio@ucla.edu,USER,password,Toshio,Toshio's bio,123456789
inez@ucla.edu,USER,password,Inez,Inez's bio,123456789
watson@ucla.edu,USER,password,Watson,Watson's bio,123456789
libbie@ucla.edu,USER,password,Libbie,Libbie's bio,123456789
suzan@ucla.edu,USER,password,Suzan,Suzan's bio,123456789
leticia@ucla.edu,USER,password,Leticia,Leticia's bio,123456789
sean@ucla.edu,USER,password,Sean,Sean's bio,123456789
jerimy@ucla.edu,USER,password,Jerimy,Jerimy's bio,123456789
charlottie@ucla.edu,USER,password,Charlottie,Charlottie's bio,123456789
meredith@ucla.edu,USER,password,Meredith,Meredith's bio,123456789
keara@ucla.edu,USER,password,Keara,Keara's bio,123456789
leonie@ucla.edu,USER,password,Leonie,Leonie's bio,123456789
acie@ucla.edu,USER,password,Acie,Acie's bio,123456789
mychal@ucla.edu,USER,password,Mychal,Mychal's bio,123456789
keli@ucla.edu,USER,password,Keli,Keli's bio,123456789
carole@ucla.edu,USER,password,Carole,Carole's bio,123456789
raymond@ucla.edu,USER,password,Raymond,Raymond's bio,123456789
macey@ucla.edu,USER,password,Macey,Macey's bio,123456789
corrine@ucla.edu,USER,password,Corrine,Corrine's bio,123456789
tuan@ucla.edu,USER,password,Tuan,Tuan's bio,123456789
daren@ucla.edu,USER,password,Daren,Daren's bio,123456789
melvyn@ucla.edu,USER,password,Melvyn,Melvyn's bio,123456789
eliezer@ucla.edu,USER,password,Eliezer,Eliezer's bio,123456789
rashawn@ucla.edu,USER,password,Rashawn,Rashawn's bio,123456789
brett@ucla.edu,USER,password,Brett,Brett's bio,123456789
neal@ucla.edu,USER,password,Neal,Neal's bio,123456789
sincere@ucla.edu,USER,password,Sincere,Sincere's bio,123456789
marcie@ucla.edu,USER,password,Marcie,Marcie's bio,123456789
kittie@ucla.edu,USER,password,Kittie,Kittie's bio,123456789
ammie@ucla.edu,USER,password,Ammie,Ammie's bio,123456789
anson@ucla.edu,USER,password,Anson,Anson's bio,123456789
alphonsus@ucla.edu,USER,password,Alphonsus,Alphonsus's bio,123456789
destany@ucla.edu,USER,password,Destany,Destany's bio,123456789
price@ucla.edu,USER,password,Price,Price's bio,123456789
kiana@ucla.edu,USER,password,Kiana,Kiana's bio,123456789
norwood@ucla.edu,USER,password,Norwood,Norwood's bio,123456789
michaela@ucla.edu,USER,password,Michaela,Michaela's bio,123456789
paula@ucla.edu,USER,password,Paula,Paula's bio,123456789
tressa@ucla.edu,USER,password,Tressa,Tressa's bio,123456789
ardeth@ucla.edu,USER,password,Ardeth,Ardeth's bio,123456789
lovisa@ucla.edu,USER,password,Lovisa,Lovisa's bio,123456789
jeffry@ucla.edu,USER,password,Jeffry,Jeffry's bio,123456789
sondra@ucla.edu,USER,password,Sondra,Sondra's bio,123456789
ashlynn@ucla.edu,USER,password,Ashlynn,Ashlynn's bio,123456789
newton@ucla.edu,USER,password,Newton,Newton's bio,123456789
ely@ucla.edu,USER,password,Ely,Ely's bio,123456789
sheryl@ucla.edu,USER,password,Sheryl,Sheryl's bio,123456789
jocelynn@ucla.edu,USER,password,Jocelynn,Jocelynn's bio,123456789
elouise@ucla.edu,USER,password,Elouise,Elouise's bio,123456789
beth@ucla.edu,USER,password,Beth,Beth's bio,123456789
anwar@ucla.edu,USER,password,Anwar,Anwar's bio,123456789
selah@ucla.edu,USER,password,Selah,Selah's bio,123456789
yadiel@ucla.edu,USER,password,Yadiel,Yadiel's bio,123456789
prentiss@ucla.edu,USER,password,Prentiss,Prentiss's bio,123456789
corine@ucla.edu,USER,password,Corine,Corine's bio,123456789
jerica@ucla.edu,USER,password,Jerica,Jerica's bio,123456789
vina@ucla.edu,USER,password,Vina,Vina's bio,123456789
redden@ucla.edu,USER,password,Redden,Redden's bio,123456789
cecilia@ucla.edu,USER,password,Cecilia,Cecilia's bio,123456789
roxanna@ucla.edu,USER,password,Roxanna,Roxanna's bio,123456789
jailyn@ucla.edu,USER,password,Jailyn,Jailyn's bio,123456789
oneal@ucla.edu,USER,password,Oneal,Oneal's bio,123456789
noretta@ucla.edu,USER,password,Noretta,Noretta's bio,123456789
katelynn@ucla.edu,USER,password,Katelynn,Katelynn's bio,123456789
melisa@ucla.edu,USER,password,Melisa,Melisa's bio,123456789
baxter@ucla.edu,USER,password,Baxter,Baxter's bio,123456789
terence@ucla.edu,USER,password,Terence,Terence's bio,123456789
lossie@ucla.edu,USER,password,Lossie,Lossie's bio,123456789
dorene@ucla.edu,USER,password,Dorene,Dorene's bio,123456789
aurora@ucla.edu,USER,password,Aurora,Aurora's bio,123456789
tomeka@ucla.edu,USER,password,Tomeka,Tomeka's bio,123456789
vivien@ucla.edu,USER,password,Vivien,Vivien's bio,123456789
renard@ucla.edu,USER,password,Renard,Renard's bio,123456789
philo@ucla.edu,USER,password,Philo,Philo's bio,123456789
missouri@ucla.edu,USER,password,Missouri,Missouri's bio,123456789
ethelene@ucla.edu,USER,password,Ethelene,Ethelene's bio,123456789
maddox@ucla.edu,USER,password,Maddox,Maddox's bio,123456789
fatima@ucla.edu,USER,password,Fatima,Fatima's bio,123456789
malia@ucla.edu,USER,password,Malia,Malia's bio,123456789
jaycie@ucla.edu,USER,password,Jaycie,Jaycie's bio,123456789
mahlon@ucla.edu,USER,password,Mahlon,Mahlon's bio,123456789
dulcie@ucla.edu,USER,password,Dulcie,Dulcie's bio,123456789
susannah@ucla.edu,USER,password,Susannah,Susannah's bio,123456789
sigmund@ucla.edu,USER,password,Sigmund,Sigmund's bio,123456789
aldo@ucla.edu,USER,password,Aldo,Aldo's bio,123456789
leonce@ucla.edu,USER,password,Leonce,Leonce's bio,123456789
primus@ucla.edu,USER,password,Primus,Primus's bio,123456789
ernestine@ucla.edu,USER,password,Ernestine,Ernestine's bio,123456789
cohen@ucla.edu,USER,password,Cohen,Cohen's bio,123456789
lailah@ucla.edu,USER,password,Lailah,Lailah's bio,123456789
beda@ucla.edu,USER,password,Beda,Beda's bio,123456789
breann@ucla.edu,USER,password,Breann,Breann's bio,123456789
tena@ucla.edu,USER,password,Tena,Tena's bio,123456789
janeen@ucla.edu,USER,password,Janeen,Janeen's bio,123456789
antonina@ucla.edu,USER,password,Antonina,Antonina's bio,123456789
catrina@ucla.edu,USER,password,Catrina,Catrina's bio,123456789
bama@ucla.edu,USER,password,Bama,Bama's bio,123456789
dema@ucla.edu,USER,password,Dema,Dema's bio,123456789
margaretha@ucla.edu,USER,password,Margaretha,Margaretha's bio,123456789
harm@ucla.edu,USER,password,Harm,Harm's bio,123456789
derl@ucla.edu,USER,password,Derl,Derl's bio,123456789
quinten@ucla.edu,USER,password,Quinten,Quinten's bio,123456789
gaither@ucla.edu,USER,password,Gaither,Gaither's bio,123456789
grove@ucla.edu,USER,password,Grove,Grove's bio,123456789
leif@ucla.edu,USER,password,Leif,Leif's bio,123456789
sanai@ucla.edu,USER,password,Sanai,Sanai's bio,123456789
shanna@ucla.edu,USER,password,Shanna,Shanna's bio,123456789
gustave@ucla.edu,USER,password,Gustave,Gustave's bio,123456789
conley@ucla.edu,USER,password,Conley,Conley's bio,123456789
loni@ucla.edu,USER,password,Loni,Loni's bio,123456789
harl@ucla.edu,USER,password,Harl,Harl's bio,123456789
warren@ucla.edu,USER,password,Warren,Warren's bio,123456789
litzy@ucla.edu,USER,password,Litzy,Litzy's bio,123456789
sharonda@ucla.edu,USER,password,Sharonda,Sharonda's bio,123456789
estevan@ucla.edu,USER,password,Estevan,Estevan's bio,123456789
kathi@ucla.edu,USER,password,Kathi,Kathi's bio,123456789
illa@ucla.edu,USER,password,Illa,Illa's bio,123456789
denis@ucla.edu,USER,password,Denis,Denis's bio,123456789
evita@ucla.edu,USER,password,Evita,Evita's bio,123456789
kaliyah@ucla.edu,USER,password,Kaliyah,Kaliyah's bio,123456789
alys@ucla.edu,USER,password,Alys,Alys's bio,123456789
deacon@ucla.edu,USER,password,Deacon,Deacon's bio,123456789
merlene@ucla.edu,USER,password,Merlene,Merlene's bio,123456789
hayes@ucla.edu,USER,password,Hayes,Hayes's bio,123456789
alline@ucla.edu,USER,password,Alline,Alline's bio,123456789
hildur@ucla.edu,USER,password,Hildur,Hildur's bio,123456789
brittany@ucla.edu,USER,password,Brittany,Brittany's bio,123456789
etha@ucla.edu,USER,password,Etha,Etha's bio,123456789
zakary@ucla.edu,USER,password,Zakary,Zakary's bio,123456789
pearla@ucla.edu,USER,password,Pearla,Pearla's bio,123456789
rella@ucla.edu,USER,password,Rella,Rella's bio,123456789
shaquille@ucla.edu,USER,password,Shaquille,Shaquille's bio,123456789
katharyn@ucla.edu,USER,password,Katharyn,Katharyn's bio,123456789
arie@ucla.edu,USER,password,Arie,Arie's bio,123456789
jahiem@ucla.edu,USER,password,Jahiem,Jahiem's bio,123456789
ferne@ucla.edu,USER,password,Ferne,Ferne's bio,123456789
tinnie@ucla.edu,USER,password,Tinnie,Tinnie's bio,123456789
guillermo@ucla.edu,USER,password,Guillermo,Guillermo's bio,123456789
jasmyne@ucla.edu,USER,password,Jasmyne,Jasmyne's bio,123456789
calhoun@ucla.edu,USER,password,Calhoun,Calhoun's bio,123456789
constance@ucla.edu,USER,password,Constance,Constance's bio,123456789
latoria@ucla.edu,USER,password,Latoria,Latoria's bio,123456789
thurston@ucla.edu,USER,password,Thurston,Thurston's bio,123456789
marylyn@ucla.edu,USER,password,Marylyn,Marylyn's bio,123456789
kelsey@ucla.edu,USER,password,Kelsey,Kelsey's bio,123456789
oma@ucla.edu,USER,password,Oma,Oma's bio,123456789
manford@ucla.edu,USER,password,Manford,Manford's bio,123456789
carroll@ucla.edu,USER,password,Carroll,Carroll's bio,123456789
riya@ucla.edu,USER,password,Riya,Riya's bio,123456789
markus@ucla.edu,USER,password,Markus,Markus's bio,123456789
jamir@ucla.edu,USER,password,Jamir,Jamir's bio,123456789
tevin@ucla.edu,USER,password,Tevin,Tevin's bio,123456789
ignatius@ucla.edu,USER,password,Ignatius,Ignatius's bio,123456789
ella@ucla.edu,USER,password,Ella,Ella's bio,123456789
ruthanne@ucla.edu,USER,password,Ruthanne,Ruthanne's bio,123456789
vertie@ucla.edu,USER,password,Vertie,Vertie's bio,123456789
suellen@ucla.edu,USER,password,Suellen,Suellen's bio,123456789
denisse@ucla.edu,USER,password,Denisse,Denisse's bio,123456789
roderick@ucla.edu,USER,password,Roderick,Roderick's bio,123456789
santa@ucla.edu,USER,password,Santa,Santa's bio,123456789
ransom@ucla.edu,USER,password,Ransom,Ransom's bio,123456789
jairo@ucla.edu,USER,password,Jairo,Jairo's bio,123456789
roosevelt@ucla.edu,USER,password,Roosevelt,Roosevelt's bio,123456789
jacqueline@ucla.edu,USER,password,Jacqueline,Jacqueline's bio,123456789
star@ucla.edu,USER,password,Star,Star's bio,123456789
myles@ucla.edu,USER,password,Myles,Myles's bio,123456789
natasha@ucla.edu,USER,password,Natasha,Natasha's bio,123456789
eldon@ucla.edu,USER,password,Eldon,Eldon's bio,123456789
les@ucla.edu,USER,password,Les,Les's bio,123456789
mari@ucla.edu,USER,password,Mari,Mari's bio,123456789
claudine@ucla.edu,USER,password,Claudine,Claudine's bio,123456789
michaele@ucla.edu,USER,password,Michaele,Michaele's bio,123456789
elwyn@ucla.edu,USER,password,Elwyn,Elwyn's bio,123456789
domenico@ucla.edu,USER,password,Domenico,Domenico's bio,123456789
micayla@ucla.edu,USER,password,Micayla,Micayla's bio,123456789
sherwin@ucla.edu,USER,password,Sherwin,Sherwin's bio,123456789
tawanna@ucla.edu,USER,password,Tawanna,Tawanna's bio,123456789
traci@ucla.edu,USER,password,Traci,Traci's bio,123456789
hughes@ucla.edu,USER,password,Hughes,Hughes's bio,123456789
tabetha@ucla.edu,USER,password,Tabetha,Tabetha's bio,123456789
namon@ucla.edu,USER,password,Namon,Namon's bio,123456789
page@ucla.edu,USER,password,Page,Page's bio,123456789
cindi@ucla.edu,USER,password,Cindi,Cindi's bio,123456789
lilia@ucla.edu,USER,password,Lilia,Lilia's bio,123456789
ellen@ucla.edu,USER,password,Ellen,Ellen's bio,123456789
rodney@ucla.edu,USER,password,Rodney,Rodney's bio,123456789
yoel@ucla.edu,USER,password,Yoel,Yoel's bio,123456789
guido@ucla.edu,USER,password,Guido,Guido's bio,123456789
bernardo@ucla.edu,USER,password,Bernardo,Bernardo's bio,123456789
codi@ucla.edu,USER,password,Codi,Codi's bio,123456789
gretchen@ucla.edu,USER,password,Gretchen,Gretchen's bio,123456789
kaylin@ucla.edu,USER,password,Kaylin,Kaylin's bio,123456789
sarahi@ucla.edu,USER,password,Sarahi,Sarahi's bio,123456789
barnett@ucla.edu,USER,password,Barnett,Barnett's bio,123456789
mindy@ucla.edu,USER,password,Mindy,Mindy's bio,123456789
epifanio@ucla.edu,USER,password,Epifanio,Epifanio's bio,123456789
texas@ucla.edu,USER,password,Texas,Texas's bio,123456789
jaylen@ucla.edu,USER,password,Jaylen,Jaylen's bio,123456789
hardy@ucla.edu,USER,password,Hardy,Hardy's bio,123456789
yandel@ucla.edu,USER,password,Yandel,Yandel's bio,123456789
westley@ucla.edu,USER,password,Westley,Westley's bio,123456789
ardis@ucla.edu,USER,password,Ardis,Ardis's bio,123456789
cason@ucla.edu,USER,password,Cason,Cason's bio,123456789
albin@ucla.edu,USER,password,Albin,Albin's bio,123456789
jerry@ucla.edu,USER,password,Jerry,Jerry's bio,123456789
delia@ucla.edu,USER,password,Delia,Delia's bio,123456789
jarvis@ucla.edu,USER,password,Jarvis,Jarvis's bio,123456789
kristan@ucla.edu,USER,password,Kristan,Kristan's bio,123456789
bliss@ucla.edu,USER,password,Bliss,Bliss's bio,123456789
nikolas@ucla.edu,USER,password,Nikolas,Nikolas's bio,123456789
josue@ucla.edu,USER,password,Josue,Josue's bio,123456789
alessandro@ucla.edu,USER,password,Alessandro,Alessandro's bio,123456789
ted@ucla.edu,USER,password,Ted,Ted's bio,123456789
kellan@ucla.edu,USER,password,Kellan,Kellan's bio,123456789
birtha@ucla.edu,USER,password,Birtha,Birtha's bio,123456789
nedra@ucla.edu,USER,password,Nedra,Nedra's bio,123456789
tyrone@ucla.edu,USER,password,Tyrone,Tyrone's bio,123456789
arnie@ucla.edu,USER,password,Arnie,Arnie's bio,123456789
amparo@ucla.edu,USER,password,Amparo,Amparo's bio,123456789
hence@ucla.edu,USER,password,Hence,Hence's bio,123456789
axel@ucla.edu,USER,password,Axel,Axel's bio,123456789
kassie@ucla.edu,USER,password,Kassie,Kassie's bio,123456789
nicola@ucla.edu,USER,password,Nicola,Nicola's bio,123456789
orpha@ucla.edu,USER,password,Orpha,Orpha's bio,123456789
leander@ucla.edu,USER,password,Leander,Leander's bio,123456789
jacalyn@ucla.edu,USER,password,Jacalyn,Jacalyn's bio,123456789
louann@ucla.edu,USER,password,Louann,Louann's bio,123456789
brooks@ucla.edu,USER,password,Brooks,Brooks's bio,123456789
sebastian@ucla.edu,USER,password,Sebastian,Sebastian's bio,123456789
fay@ucla.edu,USER,password,Fay,Fay's bio,123456789
annetta@ucla.edu,USER,password,Annetta,Annetta's bio,123456789
philomene@ucla.edu,USER,password,Philomene,Philomene's bio,123456789
renee@ucla.edu,USER,password,Renee,Renee's bio,123456789
lavinia@ucla.edu,USER,password,Lavinia,Lavinia's bio,123456789
scot@ucla.edu,USER,password,Scot,Scot's bio,123456789
zaiden@ucla.edu,USER,password,Zaiden,Zaiden's bio,123456789
brianna@ucla.edu,USER,password,Brianna,Brianna's bio,123456789
shirl@ucla.edu,USER,password,Shirl,Shirl's bio,123456789
coletta@ucla.edu,USER,password,Coletta,Coletta's bio,123456789
savilla@ucla.edu,USER,password,Savilla,Savilla's bio,123456789
duard@ucla.edu,USER,password,Duard,Duard's bio,123456789
esequiel@ucla.edu,USER,password,Esequiel,Esequiel's bio,123456789
cole@ucla.edu,USER,password,Cole,Cole's bio,123456789
iridian@ucla.edu,USER,password,Iridian,Iridian's bio,123456789
tamiko@ucla.edu,USER,password,Tamiko,Tamiko's bio,123456789
eula@ucla.edu,USER,password,Eula,Eula's bio,123456789
betsey@ucla.edu,USER,password,Betsey,Betsey's bio,123456789
math@ucla.edu,USER,password,Math,Math's bio,123456789
savanah@ucla.edu,USER,password,Savanah,Savanah's bio,123456789
erin@ucla.edu,USER,password,Erin,Erin's bio,123456789
regis@ucla.edu,USER,password,Regis,Regis's bio,123456789
larissa@ucla.edu,USER,password,Larissa,Larissa's bio,123456789
lance@ucla.edu,USER,password,Lance,Lance's bio,123456789
corinne@ucla.edu,USER,password,Corinne,Corinne's bio,123456789
smith@ucla.edu,USER,password,Smith,Smith's bio,123456789
teagan@ucla.edu,USER,password,Teagan,Teagan's bio,123456789
quintin@ucla.edu,USER,password,Quintin,Quintin's bio,123456789
vander@ucla.edu,USER,password,Vander,Vander's bio,123456789
millicent@ucla.edu,USER,password,Millicent,Millicent's bio,123456789
joycelyn@ucla.edu,USER,password,Joycelyn,Joycelyn's bio,123456789
charley@ucla.edu,USER,password,Charley,Charley's bio,123456789
coretta@ucla.edu,USER,password,Coretta,Coretta's bio,123456789
atha@ucla.edu,USER,password,Atha,Atha's bio,123456789
salvatore@ucla.edu,USER,password,Salvatore,Salvatore's bio,123456789
declan@ucla.edu,USER,password,Declan,Declan's bio,123456789
jerimiah@ucla.edu,USER,password,Jerimiah,Jerimiah's bio,123456789
shelly@ucla.edu,USER,password,Shelly,Shelly's bio,123456789
littleton@ucla.edu,USER,password,Littleton,Littleton's bio,123456789
vinson@ucla.edu,USER,password,Vinson,Vinson's bio,123456789
jill@ucla.edu,USER,password,Jill,Jill's bio,123456789
haywood@ucla.edu,USER,password,Haywood,Haywood's bio,123456789
loda@ucla.edu,USER,password,Loda,Loda's bio,123456789
jayme@ucla.edu,USER,password,Jayme,Jayme's bio,123456789
deborrah@ucla.edu,USER,password,Deborrah,Deborrah's bio,123456789
woodie@ucla.edu,USER,password,Woodie,Woodie's bio,123456789
samir@ucla.edu,USER,password,Samir,Samir's bio,123456789
shelli@ucla.edu,USER,password,Shelli,Shelli's bio,123456789
tiesha@ucla.edu,USER,password,Tiesha,Tiesha's bio,123456789
randal@ucla.edu,USER,password,Randal,Randal's bio,123456789
veva@ucla.edu,USER,password,Veva,Veva's bio,123456789
pearle@ucla.edu,USER,password,Pearle,Pearle's bio,123456789
aubree@ucla.edu,USER,password,Aubree,Aubree's bio,123456789
elizebeth@ucla.edu,USER,password,Elizebeth,Elizebeth's bio,123456789
kristina@ucla.edu,USER,password,Kristina,Kristina's bio,123456789
nash@ucla.edu,USER,password,Nash,Nash's bio,123456789
dolores@ucla.edu,USER,password,Dolores,Dolores's bio,123456789
chana@ucla.edu,USER,password,Chana,Chana's bio,123456789
thelma@ucla.edu,USER,password,Thelma,Thelma's bio,123456789
kellie@ucla.edu,USER,password,Kellie,Kellie's bio,123456789
suzanna@ucla.edu,USER,password,Suzanna,Suzanna's bio,123456789
cannon@ucla.edu,USER,password,Cannon,Cannon's bio,123456789
mara@ucla.edu,USER,password,Mara,Mara's bio,123456789
merrily@ucla.edu,USER,password,Merrily,Merrily's bio,123456789
marcela@ucla.edu,USER,password,Marcela,Marcela's bio,123456789
teddie@ucla.edu,USER,password,Teddie,Teddie's bio,123456789
cannie@ucla.edu,USER,password,Cannie,Cannie's bio,123456789
jeanine@ucla.edu,USER,password,Jeanine,Jeanine's bio,123456789
alphonso@ucla.edu,USER,password,Alphonso,Alphonso's bio,123456789
samira@ucla.edu,USER,password,Samira,Samira's bio,123456789
kenneth@ucla.edu,USER,password,Kenneth,Kenneth's bio,123456789
charolette@ucla.edu,USER,password,Charolette,Charolette's bio,123456789
yahir@ucla.edu,USER,password,Yahir,Yahir's bio,123456789
hettie@ucla.edu,USER,password,Hettie,Hettie's bio,123456789
milas@ucla.edu,USER,password,Milas,Milas's bio,123456789
garry@ucla.edu,USER,password,Garry,Garry's bio,123456789
gorden@ucla.edu,USER,password,Gorden,Gorden's bio,123456789
maurine@ucla.edu,USER,password,Maurine,Maurine's bio,123456789
delos@ucla.edu,USER,password,Delos,Delos's bio,123456789
noreen@ucla.edu,USER,password,Noreen,Noreen's bio,123456789
felipe@ucla.edu,USER,password,Felipe,Felipe's bio,123456789
christop@ucla.edu,USER,password,Christop,Christop's bio,123456789
clora@ucla.edu,USER,password,Clora,Clora's bio,123456789
alta@ucla.edu,USER,password,Alta,Alta's bio,123456789
alexus@ucla.edu,USER,password,Alexus,Alexus's bio,123456789
arleth@ucla.edu,USER,password,Arleth,Arleth's bio,123456789
emely@ucla.edu,USER,password,Emely,Emely's bio,123456789
marylin@ucla.edu,USER,password,Marylin,Marylin's bio,123456789
linwood@ucla.edu,USER,password,Linwood,Linwood's bio,123456789
lida@ucla.edu,USER,password,Lida,Lida's bio,123456789
tarsha@ucla.edu,USER,password,Tarsha,Tarsha's bio,123456789
octa@ucla.edu,USER,password,Octa,Octa's bio,123456789
murray@ucla.edu,USER,password,Murray,Murray's bio,123456789
betsy@ucla.edu,USER,password,Betsy,Betsy's bio,123456789
doretha@ucla.edu,USER,password,Doretha,Doretha's bio,123456789
kameron@ucla.edu,USER,password,Kameron,Kameron's bio,123456789
danyell@ucla.edu,USER,password,Danyell,Danyell's bio,123456789
teresa@ucla.edu,USER,password,Teresa,Teresa's bio,123456789
gerold@ucla.edu,USER,password,Gerold,Gerold's bio,123456789
wilhelmine@ucla.edu,USER,password,Wilhelmine,Wilhelmine's bio,123456789
wilber@ucla.edu,USER,password,Wilber,Wilber's bio,123456789
al@ucla.edu,USER,password,Al,Al's bio,123456789
hali@ucla.edu,USER,password,Hali,Hali's bio,123456789
meagan@ucla.edu,USER,password,Meagan,Meagan's bio,123456789
harriet@ucla.edu,USER,password,Harriet,Harriet's bio,123456789
merna@ucla.edu,USER,password,Merna,Merna's bio,123456789
avie@ucla.edu,USER,password,Avie,Avie's bio,123456789
brain@ucla.edu,USER,password,Brain,Brain's bio,123456789
laraine@ucla.edu,USER,password,Laraine,Laraine's bio,123456789
kathryn@ucla.edu,USER,password,Kathryn,Kathryn's bio,123456789
yurem@ucla.edu,USER,password,Yurem,Yurem's bio,123456789
djuna@ucla.edu,USER,password,Djuna,Djuna's bio,123456789
sharman@ucla.edu,USER,password,Sharman,Sharman's bio,123456789
shirlene@ucla.edu,USER,password,Shirlene,Shirlene's bio,123456789
sina@ucla.edu,USER,password,Sina,Sina's bio,123456789
derrell@ucla.edu,USER,password,Derrell,Derrell's bio,123456789
elmore@ucla.edu,USER,password,Elmore,Elmore's bio,123456789
ariella@ucla.edu,USER,password,Ariella,Ariella's bio,123456789
kyleigh@ucla.edu,USER,password,Kyleigh,Kyleigh's bio,123456789
knox@ucla.edu,USER,password,Knox,Knox's bio,123456789
loyal@ucla.edu,USER,password,Loyal,Loyal's bio,123456789
hampton@ucla.edu,USER,password,Hampton,Hampton's bio,123456789
severo@ucla.edu,USER,password,Severo,Severo's bio,123456789
cherrelle@ucla.edu,USER,password,Cherrelle,Cherrelle's bio,123456789
susanna@ucla.edu,USER,password,Susanna,Susanna's bio,123456789
gina@ucla.edu,USER,password,Gina,Gina's bio,123456789
hobert@ucla.edu,USER,password,Hobert,Hobert's bio,123456789
evander@ucla.edu,USER,password,Evander,Evander's bio,123456789
hellen@ucla.edu,USER,password,Hellen,Hellen's bio,123456789
jagger@ucla.edu,USER,password,Jagger,Jagger's bio,123456789
shani@ucla.edu,USER,password,Shani,Shani's bio,123456789
flem@ucla.edu,USER,password,Flem,Flem's bio,123456789
wade@ucla.edu,USER,password,Wade,Wade's bio,123456789
riley@ucla.edu,USER,password,Riley,Riley's bio,123456789
margeret@ucla.edu,USER,password,Margeret,Margeret's bio,123456789
lim@ucla.edu,USER,password,Lim,Lim's bio,123456789
benard@ucla.edu,USER,password,Benard,Benard's bio,123456789
raynard@ucla.edu,USER,password,Raynard,Raynard's bio,123456789
tess@ucla.edu,USER,password,Tess,Tess's bio,123456789
shelton@ucla.edu,USER,password,Shelton,Shelton's bio,123456789
sonja@ucla.edu,USER,password,Sonja,Sonja's bio,123456789
barton@ucla.edu,USER,password,Barton,Barton's bio,123456789
mareli@ucla.edu,USER,password,Mareli,Mareli's bio,123456789
rosemary@ucla.edu,USER,password,Rosemary,Rosemary's bio,123456789
marylouise@ucla.edu,USER,password,Marylouise,Marylouise's bio,123456789
julian@ucla.edu,USER,password,Julian,Julian's bio,123456789
cam@ucla.edu,USER,password,Cam,Cam's bio,123456789
williard@ucla.edu,USER,password,Williard,Williard's bio,123456789
zana@ucla.edu,USER,password,Zana,Zana's bio,123456789
alonso@ucla.edu,USER,password,Alonso,Alonso's bio,123456789
racquel@ucla.edu,USER,password,Racquel,Racquel's bio,123456789
elliott@ucla.edu,USER,password,Elliott,Elliott's bio,123456789
rayshawn@ucla.edu,USER,password,Rayshawn,Rayshawn's bio,123456789
jess@ucla.edu,USER,password,Jess,Jess's bio,123456789
zita@ucla.edu,USER,password,Zita,Zita's bio,123456789
lowell@ucla.edu,USER,password,Lowell,Lowell's bio,123456789
carolann@ucla.edu,USER,password,Carolann,Carolann's bio,123456789
devonte@ucla.edu,USER,password,Devonte,Devonte's bio,123456789
irwin@ucla.edu,USER,password,Irwin,Irwin's bio,123456789
treva@ucla.edu,USER,password,Treva,Treva's bio,123456789
osborne@ucla.edu,USER,password,Osborne,Osborne's bio,123456789
kaelyn@ucla.edu,USER,password,Kaelyn,Kaelyn's bio,123456789
clifford@ucla.edu,USER,password,Clifford,Clifford's bio,123456789
ardelia@ucla.edu,USER,password,Ardelia,Ardelia's bio,123456789
bradford@ucla.edu,USER,password,Bradford,Bradford's bio,123456789
gaylord@ucla.edu,USER,password,Gaylord,Gaylord's bio,123456789
shayla@ucla.edu,USER,password,Shayla,Shayla's bio,123456789
lesly@ucla.edu,USER,password,Lesly,Lesly's bio,123456789
barron@ucla.edu,USER,password,Barron,Barron's bio,123456789
theta@ucla.edu,USER,password,Theta,Theta's bio,123456789
ceola@ucla.edu,USER,password,Ceola,Ceola's bio,123456789
ayleen@ucla.edu,USER,password,Ayleen,Ayleen's bio,123456789
hubert@ucla.edu,USER,password,Hubert,Hubert's bio,123456789
deric@ucla.edu,USER,password,Deric,Deric's bio,123456789
donna@ucla.edu,USER,password,Donna,Donna's bio,123456789
son@ucla.edu,USER,password,Son,Son's bio,123456789
colter@ucla.edu,USER,password,Colter,Colter's bio,123456789
bedford@ucla.edu,USER,password,Bedford,Bedford's bio,123456789
haley@ucla.edu,USER,password,Haley,Haley's bio,123456789
eleanora@ucla.edu,USER,password,Eleanora,Eleanora's bio,123456789
concepcion@ucla.edu,USER,password,Concepcion,Concepcion's bio,123456789
talmadge@ucla.edu,USER,password,Talmadge,Talmadge's bio,123456789
alvah@ucla.edu,USER,password,Alvah,Alvah's bio,123456789
cheryle@ucla.edu,USER,password,Cheryle,Cheryle's bio,123456789
brenna@ucla.edu,USER,password,Brenna,Brenna's bio,123456789
jarett@ucla.edu,USER,password,Jarett,Jarett's bio,123456789
ireland@ucla.edu,USER,password,Ireland,Ireland's bio,123456789
alice@ucla.edu,USER,password,Alice,Alice's bio,123456789
harvey@ucla.edu,USER,password,Harvey,Harvey's bio,123456789
major@ucla.edu,USER,password,Major,Major's bio,123456789
malissie@ucla.edu,USER,password,Malissie,Malissie's bio,123456789
saundra@ucla.edu,USER,password,Saundra,Saundra's bio,123456789
grady@ucla.edu,USER,password,Grady,Grady's bio,123456789
katharina@ucla.edu,USER,password,Katharina,Katharina's bio,123456789
hannah@ucla.edu,USER,password,Hannah,Hannah's bio,123456789
bette@ucla.edu,USER,password,Bette,Bette's bio,123456789
eric@ucla.edu,USER,password,Eric,Eric's bio,123456789
patty@ucla.edu,USER,password,Patty,Patty's bio,123456789
burnie@ucla.edu,USER,password,Burnie,Burnie's bio,123456789
bria@ucla.edu,USER,password,Bria,Bria's bio,123456789
jerusha@ucla.edu,USER,password,Jerusha,Jerusha's bio,123456789
brien@ucla.edu,USER,password,Brien,Brien's bio,123456789
rhett@ucla.edu,USER,password,Rhett,Rhett's bio,123456789
stacy@ucla.edu,USER,password,Stacy,Stacy's bio,123456789
phylicia@ucla.edu,USER,password,Phylicia,Phylicia's bio,123456789
ross@ucla.edu,USER,password,Ross,Ross's bio,123456789
conway@ucla.edu,USER,password,Conway,Conway's bio,123456789
tyrin@ucla.edu,USER,password,Tyrin,Tyrin's bio,123456789
khiry@ucla.edu,USER,password,Khiry,Khiry's bio,123456789
lynn@ucla.edu,USER,password,Lynn,Lynn's bio,123456789
hunt@ucla.edu,USER,password,Hunt,Hunt's bio,123456789
ham@ucla.edu,USER,password,Ham,Ham's bio,123456789
tammie@ucla.edu,USER,password,Tammie,Tammie's bio,123456789
dariana@ucla.edu,USER,password,Dariana,Dariana's bio,123456789
vito@ucla.edu,USER,password,Vito,Vito's bio,123456789
camren@ucla.edu,USER,password,Camren,Camren's bio,123456789
bolden@ucla.edu,USER,password,Bolden,Bolden's bio,123456789
anders@ucla.edu,USER,password,Anders,Anders's bio,123456789
ernesto@ucla.edu,USER,password,Ernesto,Ernesto's bio,123456789
shirlee@ucla.edu,USER,password,Shirlee,Shirlee's bio,123456789
rick@ucla.edu,USER,password,Rick,Rick's bio,123456789
elbridge@ucla.edu,USER,password,Elbridge,Elbridge's bio,123456789
dalvin@ucla.edu,USER,password,Dalvin,Dalvin's bio,123456789
burney@ucla.edu,USER,password,Burney,Burney's bio,123456789
tea@ucla.edu,USER,password,Tea,Tea's bio,123456789
carina@ucla.edu,USER,password,Carina,Carina's bio,123456789
dellar@ucla.edu,USER,password,Dellar,Dellar's bio,123456789
jerome@ucla.edu,USER,password,Jerome,Jerome's bio,123456789
